<?xml version="1.0"?>
<doc>
    <assembly>
        <name>OpenVR.NET</name>
    </assembly>
    <members>
        <member name="T:OpenVR.NET.IChaperone">
            <summary>
            Playfeld bounds and tracking safety
            </summary>
        </member>
        <member name="P:OpenVR.NET.IChaperone.PlayfieldSize">
            <summary>
            Playfield size in meters
            </summary>
        </member>
        <member name="P:OpenVR.NET.IChaperone.PlayfieldBounds">
            <summary>
            Playfield bounds in meters, where (0,0) is the playfield centre
            </summary>
        </member>
        <member name="M:OpenVR.NET.IChaperone.SetSceneColourHint(SixLabors.ImageSharp.PixelFormats.Rgba32)">
            <summary>
            Hints the scene ambience to the system to better match the system-rendered parts of the scene 
            such as playfield bounds or the freeze-limbo
            </summary>
        </member>
        <member name="P:OpenVR.NET.IChaperone.AreBoundsVisible">
            <summary>
            Whether the system is rendering playfield bounds
            </summary>
        </member>
        <member name="P:OpenVR.NET.IChaperone.ForceBoundsVisible">
            <summary>
            Force the system to draw playfield bounds
            </summary>
        </member>
        <member name="M:OpenVR.NET.Chaperone.Update">
            <summary>
            Update on the update thread.
            </summary>
        </member>
        <member name="M:OpenVR.NET.Devices.Controller.UpdateInput">
            <summary>
            Update the devices input (on the input thread)
            </summary>
        </member>
        <member name="M:OpenVR.NET.Devices.Controller.OnTurnedOff">
            <summary>
            Resets the devices input to default (on the input thread)
            </summary>
        </member>
        <member name="P:OpenVR.NET.Devices.Controller.LegacyActions">
            <summary>
            Legacy action if you prefer this system. Default ones are <see cref="T:OpenVR.NET.Devices.Controller.RawButton"/>, <see cref="T:OpenVR.NET.Devices.Controller.RawSingle"/>, <see cref="T:OpenVR.NET.Devices.Controller.RawVector2"/> and <see cref="T:OpenVR.NET.Devices.Controller.RawHaptic"/>.
            If you know all possible actions in your program, you should use manifest actions.
            It is undefined behaviour to use this system along the new input system.
            </summary>
        </member>
        <member name="M:OpenVR.NET.Devices.Controller.GetAction``1(System.Enum)">
            <inheritdoc cref="M:OpenVR.NET.VR.GetAction``1(System.Enum,OpenVR.NET.Devices.Controller)"/>
        </member>
        <member name="T:OpenVR.NET.Devices.Controller.ILegacyAction">
            <summary>
            Legacy action if you prefer this system. Default ones are <see cref="T:OpenVR.NET.Devices.Controller.RawButton"/>, <see cref="T:OpenVR.NET.Devices.Controller.RawSingle"/> and <see cref="T:OpenVR.NET.Devices.Controller.RawVector2"/>.
            If you know all possible actions in your program, you should use manifest actions.
            </summary>
        </member>
        <member name="P:OpenVR.NET.Devices.Controller.ILegacyAction.Type">
            <summary>
            The input type for input actions, or -1 for outputs
            </summary>
        </member>
        <member name="F:OpenVR.NET.Devices.Controller.ComponentState.ScrollWheelVisible">
            <summary>
            Is this component currently set to be in a scroll wheel mode?
            </summary>
        </member>
        <member name="F:OpenVR.NET.Devices.Controller.ComponentState.LocalPosition">
            <summary>
            Position in self space
            </summary>
        </member>
        <member name="F:OpenVR.NET.Devices.Controller.ComponentState.LocalRotation">
            <summary>
            Rotation in self space
            </summary>
        </member>
        <member name="F:OpenVR.NET.Devices.Controller.ComponentState.Position">
            <summary>
            Position in device space
            </summary>
        </member>
        <member name="F:OpenVR.NET.Devices.Controller.ComponentState.Rotation">
            <summary>
            Rotation in device space
            </summary>
        </member>
        <member name="F:OpenVR.NET.Devices.Controller.ComponentState.Properties">
            <summary>
            Additional properties as enum flags
            </summary>
        </member>
        <member name="F:OpenVR.NET.Devices.DeviceModel.JoinedModel">
            <summary>
            A model which has all components joined together. Individual components this model is made
            from can be found in <see cref="P:OpenVR.NET.Devices.DeviceModel.Components"/>
            </summary>
        </member>
        <member name="P:OpenVR.NET.Devices.DeviceModel.Components">
            <summary>
            Components that make up the device model. Please note that some of them might be empty objects
            used as a reference point such as "base", "tip" "grip"/"handgrip" etc (<see cref="P:OpenVR.NET.Devices.ComponentModel.Name"/>).
            There can also be a "status" panel (which Im not sure if youre supposed to render to yourself or if openvr provides a texture?).
            If the device is not a controller, this will return <see cref="F:OpenVR.NET.Devices.DeviceModel.JoinedModel"/>
            </summary>
        </member>
        <member name="P:OpenVR.NET.Devices.ComponentModel.ParentName">
            <summary>
            For components other than the main device body, this is the name of the main device
            </summary>
        </member>
        <member name="P:OpenVR.NET.Devices.ComponentModel.Name">
            <summary>
            Name of the component
            </summary>
        </member>
        <member name="P:OpenVR.NET.Devices.ComponentModel.ModelName">
            <summary>
            Render model name
            </summary>
        </member>
        <member name="P:OpenVR.NET.Devices.ComponentModel.Texture.ID">
            <summary>
            A unique ID that represents the texture. You can cache textures with this key to prevent loading them again
            </summary>
        </member>
        <member name="T:OpenVR.NET.Devices.ComponentModel.Texture.ImageParamLoader">
            <summary>
            Loads the image into memory and retrieves params to load the data (RGBA32 format - 8 bits per channel).
            Please make sure you don't <seealso cref="M:OpenVR.NET.Devices.ComponentModel.FreeResources"/> until you're done with this data. Take note
            that if the data is <see cref="F:System.IntPtr.Zero"/>, the data is invalid.
            </summary>
        </member>
        <member name="P:OpenVR.NET.Devices.ComponentModel.Texture.ParamsLoader">
            <inheritdoc cref="T:OpenVR.NET.Devices.ComponentModel.Texture.ImageParamLoader"/>
        </member>
        <member name="M:OpenVR.NET.Devices.ComponentModel.Texture.LoadImage(System.Boolean)">
            <summary>
            Loads the image as an ImageSharp image. 
            Please make sure you don't <seealso cref="M:OpenVR.NET.Devices.ComponentModel.FreeResources"/> until the image is loaded
            </summary>
        </member>
        <member name="M:OpenVR.NET.Devices.ComponentModel.Texture.LoadParams">
            <inheritdoc cref="T:OpenVR.NET.Devices.ComponentModel.Texture.ImageParamLoader"/>
        </member>
        <member name="M:OpenVR.NET.Devices.ComponentModel.LoadAsync(System.Func{OpenVR.NET.Devices.ComponentModel.ComponentType,System.Boolean},System.Action{OpenVR.NET.Devices.ComponentModel.ComponentType},OpenVR.NET.Devices.ComponentModel.AddVertice,System.Action{System.Int16,System.Int16,System.Int16},System.Action{OpenVR.NET.Devices.ComponentModel.Texture},System.Action{Valve.VR.EVRRenderModelError,OpenVR.NET.Devices.ComponentModel.Context})">
            <summary>
            Loads the model asynchronously (on a thread pool)
            </summary>
        </member>
        <member name="M:OpenVR.NET.Devices.ComponentModel.FreeResources">
            <summary>
            Frees unmanaged OpenVR resouces such as the model or texture.
            This should be called on all components after all of them have been loaded.
            Otherwise you could end up loading then freeing and then loading and freeing the
            same resoure sevaral times.
            </summary>
        </member>
        <member name="T:OpenVR.NET.Devices.DisplayRedirect">
            <summary>
            Accessories that aren't necessarily tracked themselves, but may redirect video output from other tracked devices
            </summary>
        </member>
        <member name="T:OpenVR.NET.Devices.Tracker">
            <summary>
            Tracker such as a full body tracking device
            </summary>
        </member>
        <member name="T:OpenVR.NET.Devices.TrackingReference">
            <summary>
            Camera and base stations that serve as tracking reference points
            </summary>
        </member>
        <member name="P:OpenVR.NET.Devices.VrDevice.Position">
            <summary>
            Position in meters to be used on the input thread
            </summary>
        </member>
        <member name="P:OpenVR.NET.Devices.VrDevice.Velocity">
            <summary>
            Velocity in meters per second to be used on the input thread
            </summary>
        </member>
        <member name="P:OpenVR.NET.Devices.VrDevice.Rotation">
            <summary>
            Rotation quaternion to be used on the input thread
            </summary>
        </member>
        <member name="P:OpenVR.NET.Devices.VrDevice.AngularVelocity">
            <summary>
            Angular velocity in radians per second (?) to be used on the input thread <see href="https://github.com/ValveSoftware/openvr/blob/4c85abcb7f7f1f02adaf3812018c99fc593bc341/headers/openvr.h#L260"/>
            </summary>
        </member>
        <member name="P:OpenVR.NET.Devices.VrDevice.RenderPosition">
            <summary>
            Position in meters to be used on the draw thread
            </summary>
        </member>
        <member name="P:OpenVR.NET.Devices.VrDevice.RenderRotation">
            <summary>
            Rotation quaternion to be used on the draw thread
            </summary>
        </member>
        <member name="E:OpenVR.NET.Devices.VrDevice.Enabled">
            <summary>
            Called when device is turned on, on the update thread
            </summary>
        </member>
        <member name="E:OpenVR.NET.Devices.VrDevice.Disabled">
            <summary>
            Called when device is turned off, on the update thread
            </summary>
        </member>
        <member name="E:OpenVR.NET.Devices.VrDevice.TrackingStateChanged">
            <summary>
            Called when device changes tracking state, on the update thread
            </summary>
        </member>
        <member name="P:OpenVR.NET.Devices.VrDevice.CanPowerOff">
            <summary>
            Whether the device is currently on, and can turn off at any time.
            This property will be <see langword="false"/> when the device is turned off.
            </summary>
        </member>
        <member name="P:OpenVR.NET.Devices.VrDevice.BatteryLevel">
            <summary>
            Battery level as a percentage in the range [0; 1]
            </summary>
        </member>
        <member name="M:OpenVR.NET.Devices.VrDevice.Update">
            <summary>
            Updates performed on the update thread
            </summary>
        </member>
        <member name="E:OpenVR.NET.Devices.VrDevice.ActivityChanged">
            <summary>
            Called when device changes activity level, on the update thread
            </summary>
        </member>
        <member name="M:OpenVR.NET.IVRDrawContext.GetProjectionMatrix(Valve.VR.EVREye,System.Single,System.Single)">
            <summary>
            Projection for the given eye. To generate a correct matrix from draw information it should be
            <c>GetProjectionMatrix * GetEyeToHeadMatrix.Inverse * inverseHeadTransform</c> (where left side gets applied last)
            </summary>
        </member>
        <member name="M:OpenVR.NET.IVRDrawContext.GetEyeToHeadMatrix(Valve.VR.EVREye)">
            <summary>
            Eye to head matrix. Invert to get head to eye. To generate a correct matrix from draw information it should be
            <c>GetProjectionMatrix * GetEyeToHeadMatrix.Inverse * inverseHeadTransform</c> (where left side gets applied last)
            </summary>
        </member>
        <member name="M:OpenVR.NET.IVRDrawContext.SubmitFrame(Valve.VR.EVREye,Valve.VR.Texture_t,Valve.VR.EVRSubmitFlags)">
            <summary>
            Submits the image for an eye. Can only be called after <see cref="!:UpdateDraw(double)"/>
            </summary>
        </member>
        <member name="M:OpenVR.NET.IVRDrawContext.GetHiddenAreaMesh(Valve.VR.EVREye,System.Boolean)">
            <summary>
            Gets a mesh which will cover the area of the render texture that is not visible ( or visible if <paramref name="inverse"/> is <see langword="true"/> ).
            The mesh is in UV coordinates.
            </summary>
        </member>
        <member name="M:OpenVR.NET.IVRDrawContext.GetLoopHiddenAreaMesh(Valve.VR.EVREye)">
            <summary>
            Gets a vertex loop around the area of the render texture which is visible.
            The mesh is in UV coordinates.
            </summary>
        </member>
        <member name="P:OpenVR.NET.IVRDrawContext.OverlayRendersControllers">
            <summary>
            Whether OpenVR is rendering controllers on its own - you should consider not drawing user hands/controllers if this is <see langword="true"/>
            </summary>
        </member>
        <member name="P:OpenVR.NET.IVRDrawContext.ShouldReduceWorkload">
            <summary>
            Returns true if OpenVR is doing significant rendering work and the game should do what it can to reduce
            its own workload, for example by reducing the size of the render target for each eye
            </summary>
        </member>
        <member name="T:OpenVR.NET.Input.Action">
            <summary>
            An action bound to a device component such as a button, a joystick or a haptic.
            An action can be bound to both controllers at once, or just one.
            Action events are invoked on the input thread
            </summary>
        </member>
        <member name="M:OpenVR.NET.Input.Action.Update">
            <summary>
            Updates the state of this action, on the input thread
            </summary>
        </member>
        <member name="T:OpenVR.NET.Input.InputAction`1">
            <inheritdoc/>
        </member>
        <member name="F:OpenVR.NET.Input.PoseInput.Position">
            <inheritdoc cref="P:OpenVR.NET.Devices.VrDevice.Position"/>
        </member>
        <member name="F:OpenVR.NET.Input.PoseInput.Rotation">
            <inheritdoc cref="P:OpenVR.NET.Devices.VrDevice.Rotation"/>
        </member>
        <member name="F:OpenVR.NET.Input.PoseInput.Velocity">
            <inheritdoc cref="P:OpenVR.NET.Devices.VrDevice.Velocity"/>
        </member>
        <member name="F:OpenVR.NET.Input.PoseInput.AngularVelocity">
            <inheritdoc cref="P:OpenVR.NET.Devices.VrDevice.AngularVelocity"/>
        </member>
        <member name="T:OpenVR.NET.Input.HandSkeletonAction">
            <summary>
            <see href="https://github.com/ValveSoftware/openvr/wiki/Hand-Skeleton"/>
            <see href="https://github.com/ValveSoftware/openvr/wiki/SteamVR-Skeletal-Input"/>
            </summary>
        </member>
        <member name="T:OpenVR.NET.Input.OutputAction">
            <inheritdoc/>
        </member>
        <member name="M:OpenVR.NET.Input.HapticAction.TriggerVibration(System.Double,System.Double,System.Double,System.Double)">
            <summary>
            Triggers a haptic vibration.
            Paramerters are in seconds and hertz.
            </summary>
        </member>
        <member name="T:OpenVR.NET.Manifest.IActionManifest">
            <summary>
            A manifest which defines all possible actions the user can perform in an appliaction.
            Using this manifest means you can no longer use <seealso cref="T:OpenVR.NET.Devices.Controller.ILegacyAction"/>.
            The defaullt implementation is <see cref="T:OpenVR.NET.Manifest.ActionManifest`2"/>
            </summary>
        </member>
        <member name="T:OpenVR.NET.Manifest.ActionManifest`2">
            <summary>
            A manifest which defines all possible actions the user can perform in an appliaction.
            Using this manifest means you can no longer use <seealso cref="T:OpenVR.NET.Devices.Controller.ILegacyAction"/>
            </summary>
        </member>
        <member name="F:OpenVR.NET.Manifest.DefaultBinding.ControllerType">
            <summary>
            Controller type such as "vive_controller", "oculus_touch" or "knuckles".
            This type appears in the bindings file when you export bindings for a particular controller.
            </summary>
        </member>
        <member name="F:OpenVR.NET.Manifest.DefaultBinding.Path">
            <summary>
            Relative path, or a URL to the bindings file
            </summary>
        </member>
        <member name="F:OpenVR.NET.Manifest.ActionSet`2.LocalizedNames">
            <summary>
            Localized names for this action set. The keys should be lower_snake_case 
            ISO language codes, for example "en_us"
            </summary>
        </member>
        <member name="F:OpenVR.NET.Manifest.Action`2.LocalizedNames">
            <summary>
            Localized names for this action. The keys should be lower_snake_case 
            ISO language codes, for example "en_us"
            </summary>
        </member>
        <member name="T:OpenVR.NET.Manifest.VrManifest">
            <summary>
            Application manifest used to "install" an app into OpenVR, so it can be launched
            from within VR, have a custom loading icon and a localizable description.
            </summary>
        </member>
        <member name="F:OpenVR.NET.Manifest.VrManifest.AppKey">
            <summary>
            A unique name of the app.
            </summary>
        </member>
        <member name="F:OpenVR.NET.Manifest.VrManifest.WindowsPath">
            <summary>
            Path to the executable file compatible with Windows
            </summary>
        </member>
        <member name="F:OpenVR.NET.Manifest.VrManifest.WindowsArguments">
            <summary>
            The startup arguments to pass when launching from OpenVR
            </summary>
        </member>
        <member name="F:OpenVR.NET.Manifest.VrManifest.OSXPath">
            <summary>
            Path to the executable file compatible with OSX
            </summary>
        </member>
        <member name="F:OpenVR.NET.Manifest.VrManifest.OSXArguments">
            <summary>
            The startup arguments to pass when launching from OpenVR
            </summary>
        </member>
        <member name="F:OpenVR.NET.Manifest.VrManifest.LinuxPath">
            <summary>
            Path to the executable file compatible with Linux
            </summary>
        </member>
        <member name="F:OpenVR.NET.Manifest.VrManifest.LinuxArguments">
            <summary>
            The startup arguments to pass when launching from OpenVR
            </summary>
        </member>
        <member name="F:OpenVR.NET.Manifest.VrManifest.Icon">
            <summary>
            Path to the app icon. Can be a file path or a URL.
            The image should be at least 460x215, or bigger with the same proportions
            </summary>
        </member>
        <member name="F:OpenVR.NET.Manifest.VrManifest.LocalizedNames">
            <summary>
            Localized app name-description pairs. The keys should be lower_snake_case 
            ISO language codes, for example "en_us"
            </summary>
        </member>
        <member name="T:OpenVR.NET.VR">
            <summary>
            A multithreaded, object oriented wrapper around OpenVR.
            Left handed coordinate system - Y is up, X is right, Z is forward.
            </summary>
        </member>
        <member name="P:OpenVR.NET.VR.Chaperone">
            <inheritdoc cref="T:OpenVR.NET.IChaperone"/>
        </member>
        <member name="M:OpenVR.NET.VR.TryStart(Valve.VR.EVRApplicationType)">
            <summary>
            Tries to initialize OpenVR.
            This call is blocking and might take several seconds to complete.
            You should call this on a separate woker thread in order not to block other threads
            </summary>
        </member>
        <member name="M:OpenVR.NET.VR.Exit">
            <summary>
            Exits VR. You need to make sure <see cref="M:OpenVR.NET.VR.UpdateDraw(Valve.VR.ETrackingUniverseOrigin)"/>, <see cref="M:OpenVR.NET.VR.UpdateInput(System.Single)"/> nor <see cref="M:OpenVR.NET.VR.Update"/> are running
            and you're not loading any models before making this call. Please be aware that if you do not terminate the running process,
            the user will not return to the home scene, but will be left in the vr limbo until they launch another program (it will not terminate yours)
            </summary>
        </member>
        <member name="M:OpenVR.NET.VR.GracefullyExit">
            <summary>
            When the <see cref="F:Valve.VR.EVREventType.VREvent_Quit"/> event is received, call this to extend time
            before OpenVR termintes the process
            </summary>
        </member>
        <member name="M:OpenVR.NET.VR.InstallApp(OpenVR.NET.Manifest.VrManifest,System.String)">
            <summary>
            Installs the app/updates the vrmanifest file. If a path is provided,
            the .vrmanifest file will be saved there, otherwise it will be saved to the current directory.
            Returns the absolute path to the .vrmanifest file, or <see langword="null"/> if the installation failed.
            This has to be called after initializing vr.
            Note that updating the manifest might require a restart of OpenVR Runtime or the OS, as some values, such as images might be cached
            </summary>
        </member>
        <member name="M:OpenVR.NET.VR.UninstallApp(System.String)">
            <summary>
            Removes a .vrmanifest file from OpenVR, effectively uninstalling the app from it.
            You should use this when updating the vrmanifests location.
            This has to be called after initializing vr.
            </summary>
        </member>
        <member name="P:OpenVR.NET.VR.CVR">
            <summary>
            Returns the openvr CVR System, if initialized.
            This is useful for implementing not yet available features of OpenVR.NET.
            If you find yourself using unimplemented features, please open an issue
            </summary>
        </member>
        <member name="M:OpenVR.NET.VR.UpdateDraw(Valve.VR.ETrackingUniverseOrigin)">
            <summary>
            Allows drawing to the headset. Should be called on the draw thread. 
            Might block to synchronize with headset refresh rate, depending on headset drivers.
            It will also update the player pose, so eyes are positioned correctly.
            While not critical, you might want to want to synchronise this pose update with the update thread.
            Will return <see langword="null"/> until initialized.
            </summary>
        </member>
        <member name="M:OpenVR.NET.VR.UpdateInput(System.Single)">
            <summary>
            Updates inputs. Should be called on the input or update thread.
            You can supply a time in seconds for openvr to predict input poses
            </summary>
        </member>
        <member name="M:OpenVR.NET.VR.Update">
            <summary>
            Invokes the update thread related events and polls vr events.
            </summary>
        </member>
        <member name="E:OpenVR.NET.VR.UserDistracted">
            <summary>
            Called on the update thread when the user is doing something else than interacting with the application,
            for example changing settings in the overlay
            </summary>
        </member>
        <member name="E:OpenVR.NET.VR.UserFocused">
            <summary>
            Called on the update thread when the user stops interacting with something else than the application,
            for example changing settings in the overlay
            </summary>
        </member>
        <member name="P:OpenVR.NET.VR.TrackedDevices">
            <summary>
            All ever detected devices. This is safe to use on the update thread.
            </summary>
        </member>
        <member name="P:OpenVR.NET.VR.ActiveDevices">
            <summary>
            All enabled devices. This is safe to use on the update thread.
            </summary>
        </member>
        <member name="E:OpenVR.NET.VR.DeviceDetected">
            <summary> 
            Invoked when a new device is detected. Devices can never become "undetected". This is safe to use on the update thread.
            </summary>
        </member>
        <member name="M:OpenVR.NET.VR.ActionFor(System.Enum)">
            <summary>
            Fetches an action defined in the action manifest
            </summary>
        </member>
        <member name="M:OpenVR.NET.VR.SetActionManifest(OpenVR.NET.Manifest.IActionManifest,System.String)">
            <summary>
            Sets the action manifest. This method will throw if the manifest couldnt be set.
            Returns the absolute path to the action manifest
            </summary>
        </member>
        <member name="M:OpenVR.NET.VR.BindActionsLoaded(System.Action)">
            <summary>
            Binds an action to perform when the action manifest is loaded,
            or if its already loaded, its invoked immmediately.
            This is safe to call on the input thread
            </summary>
        </member>
        <member name="M:OpenVR.NET.VR.GetAction``1(System.Enum,OpenVR.NET.Devices.Controller)">
            <summary>
            Gets an action defined in the action manifest. This is safe to use on the input thread,
            as well as with <see cref="M:OpenVR.NET.VR.BindActionsLoaded(System.Action)"/>, as it will be scheduled to execute on the input thread
            </summary>
            <typeparam name="T">
            The action type, coresponding to the defined <see cref="T:OpenVR.NET.Manifest.ActionType"/>.
            Currently implemented ones are <see cref="T:OpenVR.NET.Input.BooleanAction"/>, <see cref="T:OpenVR.NET.Input.ScalarAction"/>,
            <see cref="T:OpenVR.NET.Input.Vector2Action"/>, <see cref="T:OpenVR.NET.Input.Vector3Action"/>, <see cref="T:OpenVR.NET.Input.HapticAction"/>,
            <see cref="T:OpenVR.NET.Input.PoseAction"/> and <see cref="T:OpenVR.NET.Input.HandSkeletonAction"/>
            </typeparam>
        </member>
        <member name="T:OpenVR.NET.VrEvents">
            <summary>
            VR event logger.
            </summary>
        </member>
        <member name="E:OpenVR.NET.VrEvents.OnLog">
            <summary>
            Log from within the OpenVR.NET library. Called on related threads.
            </summary>
        </member>
        <member name="E:OpenVR.NET.VrEvents.OnOpenVrEvent">
            <summary>
            OpenVR events. Called on the update thread.
            Events will not be polled unless this has subscribers
            </summary>
        </member>
        <member name="E:OpenVR.NET.VrEvents.OnException">
            <summary>
            Exceptions from within the OpenVR.NET library. Called on related threads.
            </summary>
        </member>
        <member name="M:Valve.VR.OpenVR.Init(Valve.VR.EVRInitError@,Valve.VR.EVRApplicationType,System.String)">
            Finds the active installation of vrclient.dll and initializes it 
        </member>
        <member name="M:Valve.VR.OpenVR.Shutdown">
            unloads vrclient.dll. Any interface pointers from the interface are
            invalid after this point 
        </member>
    </members>
</doc>
